color,prop
#100F0E,0.130713305898491
#2A2827,0.122345679012346
#514538,0.123648834019204
#6F5F51,0.143909465020576
#837E83,0.0789163237311385
#959CB4,0.0665020576131687
#9C725D,0.0732647462277092
#BE9A8D,0.0723045267489712
#CCC1C5,0.0823045267489712
#E7E9ED,0.106090534979424
